Test_ID, Test_fscore, Test_acc
res2016-06-01, 0.817347701928, 0.88288

